index,is_fraud
30447,0.0
30080,0.0
30201,0.014150943396226415
30118,0.014150943396226415
30160,0.0025974025974025974
30682,0.0025974025974025974
31991,0.014150943396226415
30178,0.0
30413,0.014150943396226415
30065,0.0025974025974025974
30961,0.0
31713,0.007142857142857143
30513,0.0025974025974025974
31613,0.0
30146,0.0
30421,0.0
31327,0.0
30456,0.0
31013,0.0
30102,0.0
30491,0.014150943396226415
30966,0.014150943396226415
31933,0.0
31151,0.0
31665,0.0
30912,0.0
31180,0.0
30331,0.0
30283,0.0
31069,0.0
30981,0.0
31407,0.0025974025974025974
31132,0.0
30853,0.0
30929,0.0
30762,0.0025974025974025974
30205,0.0
31032,0.0025974025974025974
30356,0.0025974025974025974
30485,0.0025974025974025974
31468,0.0025974025974025974
30810,0.007142857142857143
30136,0.0025974025974025974
31461,0.0025974025974025974
31992,0.0
31662,0.0
31075,0.0
31416,0.0
31717,0.0
30460,0.0
30623,0.0025974025974025974
30974,0.0
30833,0.0
30821,0.0
31347,0.0
30214,0.0025974025974025974
30396,0.0
31888,0.0025974025974025974
31543,0.0025974025974025974
31501,0.014150943396226415
30099,0.0
31809,0.0
31603,0.014150943396226415
30226,0.0
31774,0.014150943396226415
30432,0.0
31484,0.0
31507,0.0
30566,0.0025974025974025974
31146,0.014150943396226415
31815,0.0
30820,0.007142857142857143
31882,0.0
31137,0.0025974025974025974
30916,0.0
30942,0.007142857142857143
30179,0.014150943396226415
30962,0.0
31949,0.0025974025974025974
31140,0.0
31372,0.0
30255,0.0
30133,0.0
30690,0.0025974025974025974
30535,0.0025974025974025974
31895,0.0
30132,0.0
31999,0.0
31317,0.0
30073,0.0
31041,0.0025974025974025974
31978,0.0
30150,0.014150943396226415
31781,0.0
30544,0.0
30503,0.007142857142857143
30855,0.0
31742,0.0
30798,0.0
30555,0.0
31985,0.014150943396226415
30275,0.007142857142857143
30307,0.0
31632,0.0
30598,0.0
31720,0.0025974025974025974
31148,0.0025974025974025974
31451,0.0
30195,0.0
31860,0.0025974025974025974
31988,0.0025974025974025974
30614,0.007142857142857143
31520,0.0
31804,0.014150943396226415
31065,0.0025974025974025974
30689,0.0025974025974025974
31889,0.0
31213,0.0
31688,0.0
30512,0.0
31467,0.0
30015,0.0
31205,0.0025974025974025974
30997,0.0
30519,0.0
31005,0.0
30510,0.0
31104,0.0
31756,0.0025974025974025974
30799,0.014150943396226415
31375,0.0
31135,0.0
31482,0.0025974025974025974
30364,0.0
31055,0.014150943396226415
30260,0.014150943396226415
31029,0.0
30911,0.0
31341,0.0
30594,0.014150943396226415
31643,0.0
30407,0.0
30257,0.0
31531,0.0
31165,0.0
30639,0.0
31798,0.0
31620,0.0
30928,0.014150943396226415
30397,0.0
30436,0.0
30064,0.0
30561,0.0
30958,0.014150943396226415
31435,0.0025974025974025974
30859,0.0
31397,0.0025974025974025974
31361,0.0
30984,0.0
31816,0.0
31630,0.007142857142857143
30176,0.0
30996,0.0
31964,0.014150943396226415
30760,0.0
30872,0.0
31217,0.0
31990,0.0
31130,0.0
30973,0.017732401934443847
31093,0.027294117647058823
31357,0.011267605633802818
31758,0.021359223300970873
30522,0.021359223300970873
31638,0.027294117647058823
31521,0.021359223300970873
30071,0.011267605633802818
30754,0.0
31878,0.027294117647058823
30901,0.017732401934443847
30134,0.010810810810810811
30247,0.027294117647058823
31722,0.047619047619047616
30647,0.0
30180,0.017732401934443847
31500,0.029850746268656716
31040,0.2727272727272727
31306,0.0
30384,0.021359223300970873
30026,0.0
31478,0.011267605633802818
30170,0.015022860875244938
30011,0.0
30217,0.015022860875244938
30552,0.029411764705882353
30492,0.015022860875244938
31292,0.010810810810810811
31872,0.011267605633802818
30640,0.021359223300970873
31564,0.021359223300970873
30056,0.027294117647058823
31545,0.029411764705882353
30728,0.011267605633802818
30317,0.015022860875244938
30550,0.011267605633802818
31358,0.015022860875244938
31705,0.0
31414,0.011267605633802818
31926,0.00980392156862745
30557,0.027294117647058823
30173,0.011267605633802818
31730,0.017732401934443847
30487,0.017732401934443847
31312,0.029411764705882353
31136,0.015022860875244938
30200,0.047619047619047616
31584,0.047619047619047616
30387,0.03278688524590164
31001,0.011267605633802818
31365,0.017732401934443847
30515,0.021359223300970873
30795,0.011267605633802818
30517,0.015022860875244938
31834,0.021359223300970873
31307,0.021359223300970873
30068,0.0
30849,0.011267605633802818
31214,0.0
30790,0.027294117647058823
31296,0.011267605633802818
31421,0.017732401934443847
30466,0.0
30474,0.017732401934443847
31558,0.0
31325,0.0
30902,0.011267605633802818
31606,0.0
30739,0.015022860875244938
31036,0.027294117647058823
31644,0.027294117647058823
30879,0.0
31972,0.0625
30209,0.011267605633802818
30262,0.0
30709,0.027294117647058823
30419,0.027294117647058823
30983,0.011267605633802818
30063,0.0625
31856,0.011267605633802818
30113,0.011267605633802818
31425,0.027294117647058823
30021,0.00980392156862745
30326,0.011267605633802818
31502,0.011267605633802818
30599,0.0
31335,0.017732401934443847
31802,0.015022860875244938
30371,0.027294117647058823
31052,0.03278688524590164
31494,0.006060606060606061
30288,0.011267605633802818
31762,0.011267605633802818
30587,0.011267605633802818
30809,0.011267605633802818
30740,0.029411764705882353
30301,0.021359223300970873
30664,0.011267605633802818
30072,0.011267605633802818
30832,0.027294117647058823
31402,0.017732401934443847
31188,0.0
31903,0.00980392156862745
30746,0.0
31849,0.027294117647058823
31726,0.015022860875244938
31745,0.0053475935828877
30256,0.0
31196,0.017732401934443847
31556,0.021359223300970873
31221,0.021359223300970873
30592,0.017732401934443847
30892,0.021359223300970873
31965,0.0
31109,0.0
31679,0.017732401934443847
30290,0.011267605633802818
30062,0.0625
31921,0.015022860875244938
30904,0.0625
30341,0.011267605633802818
31953,0.0
31893,0.021359223300970873
31168,0.011267605633802818
30938,0.010810810810810811
30175,0.027294117647058823
31464,0.0053475935828877
30551,0.015022860875244938
30019,0.0053475935828877
30508,0.011267605633802818
31261,0.011267605633802818
30084,0.017732401934443847
31209,0.011267605633802818
30670,0.0
30098,0.017732401934443847
30139,0.021359223300970873
30701,0.006060606060606061
30612,0.021359223300970873
30253,0.021359223300970873
31129,0.011267605633802818
31197,0.0
30228,0.0
30656,0.029411764705882353
31018,0.017732401934443847
30203,0.011267605633802818
31542,0.021359223300970873
30659,0.027294117647058823
31510,0.0
30907,0.021359223300970873
30687,0.011267605633802818
30605,0.021359223300970873
30547,0.011267605633802818
31426,0.0
30274,0.011267605633802818
31787,0.017732401934443847
31394,0.011267605633802818
30155,0.029411764705882353
30873,0.0
31108,0.011267605633802818
31289,0.017732401934443847
30091,0.027294117647058823
31150,0.017732401934443847
31814,0.00980392156862745
30868,0.021359223300970873
30817,0.010810810810810811
30334,0.011267605633802818
31937,0.017732401934443847
31902,0.011267605633802818
31112,0.027294117647058823
30463,0.017732401934443847
31573,0.017732401934443847
31576,0.0
31864,0.017732401934443847
31460,0.015022860875244938
30511,0.0
30346,0.00980392156862745
31939,0.02328548644338118
31714,0.027294117647058823
30190,0.02328548644338118
31880,0.029411764705882353
31185,0.017732401934443847
31107,0.0053475935828877
30354,0.017732401934443847
30711,0.02328548644338118
30398,0.02328548644338118
30700,0.010810810810810811
30441,0.02328548644338118
30669,0.02328548644338118
30813,0.021359223300970873
31190,0.027294117647058823
31523,0.0
31873,0.00980392156862745
30968,0.017732401934443847
31941,0.02328548644338118
31710,0.021359223300970873
30154,0.027294117647058823
31547,0.02328548644338118
31625,0.017732401934443847
31047,0.23076923076923078
31566,0.02328548644338118
30622,0.015022860875244938
31519,0.017732401934443847
30443,0.02328548644338118
31755,0.017732401934443847
30635,0.029411764705882353
31315,0.027294117647058823
31048,0.02328548644338118
31154,0.00980392156862745
30846,0.027294117647058823
30702,0.0625
30793,0.015022860875244938
30350,0.02328548644338118
30992,0.010810810810810811
31085,0.017732401934443847
30737,0.05378973105134474
30652,0.017732401934443847
31068,0.23076923076923078
31696,0.021359223300970873
30944,0.027294117647058823
31443,0.017732401934443847
30747,0.017732401934443847
30445,0.0
30306,0.0
31469,0.021359223300970873
31232,0.017732401934443847
31892,0.02328548644338118
31377,0.02328548644338118
31316,0.02328548644338118
30240,0.021359223300970873
31777,0.027294117647058823
30564,0.021359223300970873
30583,0.017732401934443847
31266,0.047619047619047616
31233,0.0
31734,0.010810810810810811
30534,0.021359223300970873
30716,0.0
30001,0.010810810810810811
30066,0.02328548644338118
30738,0.027294117647058823
30900,0.02328548644338118
31738,0.021359223300970873
31179,0.027294117647058823
31483,0.017732401934443847
31269,0.0
30516,0.0
31763,0.0
31760,0.0
31043,0.021359223300970873
31291,0.017732401934443847
31540,0.021359223300970873
30644,0.0
31925,0.021359223300970873
31883,0.0
30369,0.02328548644338118
31741,0.027294117647058823
30127,0.02328548644338118
30430,0.021359223300970873
30020,0.00980392156862745
31415,0.021359223300970873
30688,0.015022860875244938
30541,0.02328548644338118
31353,0.029411764705882353
31863,0.017732401934443847
30730,0.0625
31429,0.0
31676,0.0625
30458,0.0
30757,0.017732401934443847
30801,0.02328548644338118
31913,0.0
30998,0.015022860875244938
31682,0.017732401934443847
30734,0.02328548644338118
30060,0.02328548644338118
31579,0.0
30105,0.0
31862,0.017732401934443847
30906,0.02328548644338118
30172,0.027294117647058823
31479,0.029850746268656716
30453,0.027294117647058823
30881,0.021359223300970873
30204,0.021359223300970873
30202,0.010810810810810811
31968,0.0
30165,0.02328548644338118
31537,0.0
31522,0.0
30075,0.017732401934443847
30405,0.02328548644338118
31332,0.00980392156862745
30327,0.021359223300970873
31580,0.029850746268656716
31590,0.0
31409,0.017732401934443847
31255,0.015022860875244938
31776,0.021359223300970873
31693,0.027294117647058823
30560,0.027294117647058823
31541,0.0
30538,0.0
31477,0.02328548644338118
30263,0.017732401934443847
30401,0.021359223300970873
30706,0.015022860875244938
31163,0.00980392156862745
31929,0.03278688524590164
30959,0.02328548644338118
31156,0.0
31881,0.02328548644338118
30610,0.0625
31592,0.021359223300970873
31931,0.015022860875244938
31532,0.02328548644338118
30570,0.021359223300970873
31661,0.021359223300970873
30854,0.017732401934443847
30309,0.017732401934443847
30123,0.0
30049,0.02328548644338118
30496,0.0
31685,0.02328548644338118
30898,0.017732401934443847
30395,0.017732401934443847
31492,0.0053475935828877
30967,0.029411764705882353
31280,0.02328548644338118
31866,0.021359223300970873
31567,0.021359223300970873
30675,0.0053475935828877
30636,0.021359223300970873
30319,0.017732401934443847
31570,0.027294117647058823
31640,0.017732401934443847
31818,0.02328548644338118
30013,0.02328548644338118
30051,0.027294117647058823
31387,0.017732401934443847
31699,0.021359223300970873
30926,0.015022860875244938
31588,0.02328548644338118
30595,0.02328548644338118
31472,0.0
30624,0.0
30807,0.05378973105134474
30819,0.00980392156862745
30874,0.02328548644338118
31555,0.027294117647058823
30218,0.015022860875244938
30122,0.05378973105134474
31586,0.00980392156862745
31966,0.00980392156862745
31658,0.05378973105134474
30980,0.0
30404,0.047619047619047616
31054,0.0
30529,0.0
31274,0.021359223300970873
31200,0.015022860875244938
31457,0.010810810810810811
31432,0.0
31382,0.021359223300970873
30893,0.027294117647058823
31199,0.0
31843,0.0
30725,0.0
31229,0.02328548644338118
31986,0.05378973105134474
30823,0.021359223300970873
30546,0.017732401934443847
30486,0.021359223300970873
31611,0.0
31252,0.02328548644338118
31170,0.0
30345,0.0
31020,0.017732401934443847
31077,0.015022860875244938
30548,0.0
30719,0.015022860875244938
31198,0.02328548644338118
31577,0.015022860875244938
31084,0.0
31486,0.027294117647058823
30359,0.00980392156862745
31373,0.021359223300970873
30876,0.0
30087,0.02328548644338118
30032,0.015022860875244938
31711,0.015022860875244938
30579,0.021359223300970873
30050,0.0
30597,0.017732401934443847
30267,0.0
31193,0.029411764705882353
31743,0.02328548644338118
30108,0.0053475935828877
31551,0.02328548644338118
30743,0.017732401934443847
30755,0.0
31600,0.029850746268656716
31022,0.027294117647058823
31974,0.047619047619047616
30986,0.00980392156862745
30625,0.047619047619047616
30422,0.0
31591,0.0
30800,0.02328548644338118
30618,0.0
31241,0.021359223300970873
31299,0.021359223300970873
31678,0.010810810810810811
31349,0.0625
31782,0.017732401934443847
30629,0.015022860875244938
31128,0.015022860875244938
30016,0.02328548644338118
30022,0.00980392156862745
30500,0.015022860875244938
30965,0.0
31891,0.0
31735,0.027294117647058823
31490,0.021359223300970873
31002,0.02328548644338118
30894,0.017732401934443847
30036,0.021359223300970873
30329,0.0
30310,0.015022860875244938
30208,0.017732401934443847
31235,0.021359223300970873
31192,0.0
30856,0.029411764705882353
30729,0.0
31072,0.05378973105134474
30265,0.017732401934443847
31277,0.0
30895,0.017732401934443847
31211,0.015022860875244938
30324,0.0625
30812,0.0
31124,0.047619047619047616
30067,0.021359223300970873
31216,0.02328548644338118
30990,0.0
30184,0.02328548644338118
30025,0.0
31686,0.017732401934443847
30509,0.021359223300970873
31497,0.0
30284,0.017732401934443847
31810,0.021359223300970873
31922,0.02328548644338118
31601,0.017732401934443847
31890,0.015022860875244938
31516,0.017732401934443847
31808,0.0
31204,0.02328548644338118
31871,0.021359223300970873
31899,0.02328548644338118
30655,0.017732401934443847
30897,0.0
30811,0.0
31162,0.021359223300970873
30723,0.0
31044,0.05378973105134474
31178,0.017732401934443847
31260,0.02328548644338118
30520,0.0
30542,0.027294117647058823
31286,0.017732401934443847
31465,0.02328548644338118
30947,0.015022860875244938
30297,0.02328548644338118
30465,0.021359223300970873
31505,0.021359223300970873
30147,0.015022860875244938
30505,0.02328548644338118
31554,0.0
30312,0.0
30826,0.017732401934443847
31840,0.0
31376,0.0
30745,0.015022860875244938
31793,0.0053475935828877
30115,0.010810810810810811
30726,0.02328548644338118
31096,0.00980392156862745
30766,0.021359223300970873
30695,0.017732401934443847
30575,0.0
30822,0.015022860875244938
31171,0.021359223300970873
30630,0.010810810810810811
31731,0.017732401934443847
31157,0.015022860875244938
30804,0.021359223300970873
31764,0.02328548644338118
30244,0.05378973105134474
31575,0.013953488372093023
31444,0.02328548644338118
30913,0.0
31594,0.0
31605,0.027294117647058823
30838,0.0
31000,0.0
31452,0.027294117647058823
30816,0.015022860875244938
31910,0.0
31847,0.017732401934443847
30707,0.021359223300970873
31340,0.05378973105134474
31652,0.0
30347,0.0
31639,0.013953488372093023
31595,0.013953488372093023
31943,0.017732401934443847
31406,0.021359223300970873
31596,0.015022860875244938
30148,0.017732401934443847
31106,0.010810810810810811
31718,0.010810810810810811
30666,0.027294117647058823
30010,0.0
31263,0.02328548644338118
30621,0.017732401934443847
30576,0.0
30468,0.015022860875244938
31301,0.017732401934443847
31064,0.00980392156862745
31989,0.021359223300970873
30887,0.029850746268656716
31239,0.021359223300970873
30526,0.00980392156862745
30314,0.021359223300970873
30815,0.02328548644338118
31747,0.0
30940,0.0
30565,0.015022860875244938
30361,0.021359223300970873
31870,0.013953488372093023
30379,0.02328548644338118
31796,0.021359223300970873
30752,0.0
31173,0.0625
30126,0.02328548644338118
30910,0.021359223300970873
30574,0.021359223300970873
30484,0.02328548644338118
31117,0.027294117647058823
31393,0.02328548644338118
30896,0.021359223300970873
31091,0.05378973105134474
30591,0.033707865168539325
30995,0.02328548644338118
31675,0.05378973105134474
31751,0.027294117647058823
31481,0.027294117647058823
31111,0.021359223300970873
31167,0.021359223300970873
31348,0.021359223300970873
31807,0.021359223300970873
31276,0.02328548644338118
31506,0.0
30188,0.02328548644338118
30936,0.0625
31528,0.015022860875244938
30660,0.021359223300970873
30119,0.021359223300970873
31470,0.015022860875244938
30374,0.017732401934443847
30191,0.015022860875244938
30507,0.02328548644338118
30057,0.00980392156862745
31247,0.027294117647058823
31757,0.02328548644338118
30242,0.02328548644338118
31127,0.021359223300970873
30096,0.021359223300970873
31384,0.02328548644338118
30097,0.021359223300970873
30252,0.0
31789,0.027294117647058823
31503,0.027294117647058823
30650,0.0
30994,0.027294117647058823
31698,0.02328548644338118
30964,0.0
30159,0.02328548644338118
31947,0.013953488372093023
31650,0.021359223300970873
31707,0.02328548644338118
30383,0.013953488372093023
30710,0.021359223300970873
31583,0.021359223300970873
31359,0.015022860875244938
30866,0.0
30724,0.015022860875244938
30794,0.00980392156862745
31769,0.027294117647058823
30403,0.0
31946,0.021359223300970873
30988,0.00980392156862745
31655,0.05378973105134474
30847,0.02328548644338118
31360,0.0
31210,0.0
30222,0.00980392156862745
31653,0.0
30043,0.027294117647058823
31370,0.02328548644338118
30596,0.02328548644338118
30279,0.0
30667,0.017732401934443847
30457,0.015022860875244938
31687,0.021359223300970873
31969,0.0
31189,0.021359223300970873
31609,0.015022860875244938
30722,0.0053475935828877
30470,0.033707865168539325
30103,0.017732401934443847
31191,0.027294117647058823
30699,0.017732401934443847
31224,0.021359223300970873
30090,0.010810810810810811
31897,0.05378973105134474
31186,0.0
30569,0.02328548644338118
31351,0.010810810810810811
31771,0.017732401934443847
30704,0.02328548644338118
31740,0.021359223300970873
31166,0.017732401934443847
30046,0.010810810810810811
30042,0.021359223300970873
31386,0.010810810810810811
31865,0.02328548644338118
30254,0.021359223300970873
31578,0.015022860875244938
31987,0.02328548644338118
30864,0.013953488372093023
31562,0.021359223300970873
31424,0.010810810810810811
30473,0.02328548644338118
31282,0.010810810810810811
31821,0.0625
31515,0.021359223300970873
31027,0.0
31433,0.013953488372093023
30210,0.02328548644338118
30094,0.027294117647058823
31831,0.02328548644338118
31088,0.027294117647058823
31145,0.0053475935828877
31267,0.0
31398,0.02328548644338118
30355,0.021359223300970873
30291,0.0053475935828877
31854,0.02328548644338118
30759,0.015022860875244938
30213,0.021359223300970873
31024,0.017732401934443847
31673,1.0
30117,0.0
30611,0.02328548644338118
30494,0.027294117647058823
30899,0.021359223300970873
30061,0.021359223300970873
30206,0.02328548644338118
30649,0.05378973105134474
31350,0.013953488372093023
30586,0.006060606060606061
31827,0.02328548644338118
31930,0.015022860875244938
31695,0.015022860875244938
31900,0.010810810810810811
30448,0.015022860875244938
31010,0.013953488372093023
31294,0.0625
30890,0.015022860875244938
30848,0.0
31118,0.0
31563,0.00980392156862745
31408,0.027294117647058823
31462,0.02328548644338118
30771,0.021359223300970873
30482,0.021359223300970873
30114,0.017732401934443847
31423,0.015022860875244938
31363,0.021359223300970873
31070,0.047619047619047616
30593,0.021359223300970873
31345,0.029850746268656716
30732,0.015022860875244938
31746,0.021359223300970873
30197,0.015022860875244938
30008,0.05378973105134474
31362,0.02328548644338118
31703,0.010810810810810811
30679,0.0
31050,0.02328548644338118
30506,0.015022860875244938
31436,0.0
31657,0.021359223300970873
31761,0.02328548644338118
31748,0.021359223300970873
30367,0.05378973105134474
30971,0.0
30840,0.027294117647058823
30501,0.017732401934443847
31225,0.00980392156862745
30163,0.0
30215,0.015022860875244938
31015,0.00980392156862745
31083,0.021359223300970873
30870,0.010810810810810811
31996,0.027294117647058823
31139,0.017732401934443847
31597,0.015022860875244938
30905,0.027294117647058823
31119,0.02328548644338118
30095,0.0
31936,0.0
30423,0.010810810810810811
31238,0.0
31721,0.02328548644338118
30626,0.0
30365,0.015022860875244938
31219,0.00980392156862745
30559,0.02328548644338118
31618,0.010810810810810811
31671,0.0
31089,0.021359223300970873
30018,0.02328548644338118
31087,0.021359223300970873
31911,0.010810810810810811
30157,0.021359223300970873
30171,0.021359223300970873
30600,0.02328548644338118
31979,0.0
30778,0.0
30400,0.027294117647058823
30219,0.021359223300970873
31061,0.021359223300970873
30694,0.0
31829,0.0053475935828877
31642,0.05378973105134474
30372,0.0
30141,0.047619047619047616
31392,0.05378973105134474
31536,0.017732401934443847
31183,0.027294117647058823
31330,0.027294117647058823
30340,0.021359223300970873
31853,0.0
31473,0.0
30238,0.0
31942,0.027294117647058823
31549,0.021359223300970873
30211,0.017732401934443847
31455,0.0
30696,0.0
30246,0.00980392156862745
30000,0.02328548644338118
31206,0.015022860875244938
31962,0.021359223300970873
31753,0.02328548644338118
31223,0.021359223300970873
31147,0.05378973105134474
30224,0.021359223300970873
30514,0.021359223300970873
30250,0.015022860875244938
30653,0.017732401934443847
31976,0.010810810810810811
30273,0.02328548644338118
30125,0.0
30353,0.017732401934443847
30420,0.05378973105134474
30674,0.02328548644338118
31033,0.017732401934443847
31208,0.0053475935828877
30877,0.03278688524590164
31446,0.021359223300970873
31215,0.015022860875244938
30092,0.027294117647058823
31450,0.0
31667,0.017732401934443847
31337,0.015022860875244938
31354,0.027294117647058823
30467,0.0
31770,0.00980392156862745
31262,0.047619047619047616
31201,0.00980392156862745
31459,0.02328548644338118
30323,0.0
30562,0.02328548644338118
31560,0.00980392156862745
31634,0.010810810810810811
30525,0.017732401934443847
31081,0.015022860875244938
30528,0.02328548644338118
30302,0.021359223300970873
31608,0.02328548644338118
30945,0.010810810810810811
31227,0.02328548644338118
30490,0.017732401934443847
31062,0.0625
31250,0.02328548644338118
31725,0.021359223300970873
30330,0.017732401934443847
31629,0.021359223300970873
30280,0.047619047619047616
30748,0.02328548644338118
30786,0.02328548644338118
30903,0.027294117647058823
31155,0.017732401934443847
30418,0.03278688524590164
31418,0.013953488372093023
30939,0.027294117647058823
31279,0.00980392156862745
31123,0.027294117647058823
31125,0.021359223300970873
30861,0.027294117647058823
30004,0.027294117647058823
30923,0.00980392156862745
31045,0.017732401934443847
30216,0.00980392156862745
31248,0.02328548644338118
30608,0.013953488372093023
31322,0.0
31621,0.021359223300970873
30344,0.00980392156862745
30394,0.0
30615,0.010810810810810811
30294,0.017732401934443847
30922,0.02328548644338118
31572,0.017732401934443847
30684,0.021359223300970873
30277,0.027294117647058823
31237,0.02328548644338118
30970,0.021359223300970873
31371,0.02328548644338118
31071,0.0
30802,0.021359223300970873
30867,0.05378973105134474
31401,0.010810810810810811
30264,0.02328548644338118
31275,0.027294117647058823
30454,0.0053475935828877
31768,0.010810810810810811
30941,0.015022860875244938
31916,0.021359223300970873
30039,0.027294117647058823
30168,0.021359223300970873
30231,0.021359223300970873
30713,0.017732401934443847
30932,0.017732401934443847
30888,0.021359223300970873
31056,0.02328548644338118
30969,0.02328548644338118
30952,0.02328548644338118
31203,0.0
31805,0.015022860875244938
30789,0.0
31441,0.02328548644338118
30796,0.021359223300970873
30002,0.0
31859,0.010810810810810811
30469,0.0
31683,0.010810810810810811
30957,0.0
31535,0.047619047619047616
31765,0.00980392156862745
30181,0.027294117647058823
31097,0.017732401934443847
30851,0.02328548644338118
30207,0.0
31420,0.0
31813,0.013953488372093023
31836,0.05378973105134474
30634,0.02328548644338118
31848,0.02328548644338118
30362,0.017732401934443847
30153,0.02328548644338118
30691,0.0
31240,0.017732401934443847
31026,0.021359223300970873
31980,0.010810810810810811
30845,0.027294117647058823
30632,0.015022860875244938
30712,0.027294117647058823
30631,0.02328548644338118
31633,0.021359223300970873
30814,0.02328548644338118
30100,0.0053475935828877
31300,0.021359223300970873
31582,0.027294117647058823
30435,0.015022860875244938
31471,0.02328548644338118
31534,0.015022860875244938
30048,0.017732401934443847
31476,0.017732401934443847
31557,0.021359223300970873
30286,0.0
30363,0.021359223300970873
31636,0.02328548644338118
30399,0.00980392156862745
31474,0.021359223300970873
30433,0.02328548644338118
30278,0.015022860875244938
30577,0.0
30791,0.017732401934443847
31654,0.021359223300970873
31869,0.0
30438,0.0
30070,0.021359223300970873
31126,0.021359223300970873
30863,0.021359223300970873
30824,0.017732401934443847
30143,0.017732401934443847
31593,0.02328548644338118
31822,0.0
30518,0.017732401934443847
30459,0.021359223300970873
30425,0.015022860875244938
30601,0.02328548644338118
31660,0.027294117647058823
30937,0.0
30769,0.0
30130,0.02328548644338118
31784,0.015022860875244938
31202,0.021359223300970873
31513,0.021359223300970873
30303,0.027294117647058823
30380,0.021359223300970873
31159,0.02328548644338118
31855,0.027294117647058823
30774,0.017732401934443847
30292,0.017732401934443847
30489,0.02328548644338118
30199,0.02328548644338118
31272,0.02328548644338118
30493,0.017732401934443847
31874,0.05378973105134474
30052,0.017732401934443847
30844,0.0
31842,0.05378973105134474
31323,0.0
31619,0.00980392156862745
30227,0.027294117647058823
30358,0.021359223300970873
30221,0.017732401934443847
31080,0.021359223300970873
30376,0.0
30841,0.02328548644338118
30880,0.02328548644338118
31115,0.017732401934443847
30661,0.047619047619047616
31635,0.047619047619047616
31396,0.0
30142,0.0625
31701,0.021359223300970873
31412,0.013953488372093023
31367,0.027294117647058823
30300,0.02328548644338118
31909,0.0
31994,0.017732401934443847
31288,0.027294117647058823
30502,0.017732401934443847
31739,0.015022860875244938
30282,0.00980392156862745
31314,0.0
31539,0.0625
30671,0.013953488372093023
31786,0.02328548644338118
31004,0.021359223300970873
30034,0.05378973105134474
30035,0.027294117647058823
31066,0.017732401934443847
31480,0.021359223300970873
31867,0.02328548644338118
30668,0.017732401934443847
31448,0.02328548644338118
30053,0.015022860875244938
30007,0.017732401934443847
30106,0.021359223300970873
30439,0.017732401934443847
30030,0.017732401934443847
31187,0.02328548644338118
30685,0.00980392156862745
30093,0.02328548644338118
31475,0.017732401934443847
30409,0.027294117647058823
30450,0.027294117647058823
31287,0.00980392156862745
31886,0.05378973105134474
31440,0.02328548644338118
31030,0.010810810810810811
31982,0.015022860875244938
31430,0.0
31504,0.013953488372093023
31559,0.0625
31684,0.021359223300970873
31195,0.0
31008,0.05378973105134474
31326,0.017732401934443847
30077,0.021359223300970873
30558,0.0
30289,0.021359223300970873
31887,0.017732401934443847
30357,0.021359223300970873
31844,0.0
30269,0.02328548644338118
31598,0.0
31395,0.0625
30646,0.02328548644338118
31511,0.013953488372093023
31879,0.0
30047,0.015022860875244938
30885,0.02328548644338118
31309,0.02328548644338118
31917,0.013953488372093023
30389,0.0
30985,0.05378973105134474
31806,0.02328548644338118
31102,0.0
30836,0.0
31733,0.02328548644338118
31419,0.05378973105134474
30041,0.027294117647058823
30158,0.06578947368421052
31845,0.05378973105134474
30889,0.021359223300970873
31944,0.015022860875244938
31438,0.021359223300970873
30316,0.02328548644338118
31023,0.027294117647058823
31295,0.017732401934443847
31538,0.0
30085,0.021359223300970873
31670,0.0
31381,0.02328548644338118
31602,0.021359223300970873
31144,0.0
31379,0.010810810810810811
31797,0.0053475935828877
31641,0.021359223300970873
30989,0.015022860875244938
30131,0.015022860875244938
30166,0.015022860875244938
30641,0.013953488372093023
30037,0.02328548644338118
30645,0.015022860875244938
31399,0.006060606060606061
31265,0.02328548644338118
30850,0.00980392156862745
30524,0.017732401934443847
31006,0.017732401934443847
30919,0.021359223300970873
31184,0.015022860875244938
31918,0.027294117647058823
30803,0.015022860875244938
31283,0.021359223300970873
30476,0.02328548644338118
30567,0.021359223300970873
31727,0.0053475935828877
30194,0.0
30161,0.0
31153,0.021359223300970873
31817,0.02328548644338118
30979,0.00980392156862745
31158,0.0
31161,0.017732401934443847
30083,0.0
30680,0.0
30416,0.013953488372093023
30107,0.029850746268656716
30332,0.0
30582,0.017732401934443847
31664,0.0
31120,0.015022860875244938
30299,0.02328548644338118
31585,0.021359223300970873
31691,0.02328548644338118
30678,0.021359223300970873
30006,0.015022860875244938
30692,0.015022860875244938
30276,0.015022860875244938
30045,0.02328548644338118
30337,0.02328548644338118
30720,0.021359223300970873
31846,0.027294117647058823
31669,0.017732401934443847
31574,0.021359223300970873
30951,0.015022860875244938
30287,0.0
31940,0.027294117647058823
31647,0.0
30054,0.0625
30304,0.027294117647058823
30295,0.017732401934443847
31791,0.02328548644338118
31488,0.0625
30852,0.0
31569,0.017732401934443847
30828,0.0
30186,0.017732401934443847
30033,0.02328548644338118
31826,0.021359223300970873
31971,0.02328548644338118
31031,0.05378973105134474
31692,0.0
31612,0.00980392156862745
31951,0.0
30686,0.013953488372093023
31035,0.017732401934443847
30715,0.021359223300970873
30129,0.021359223300970873
31320,0.021359223300970873
31491,0.0
31785,0.0
30373,0.02328548644338118
31403,0.05378973105134474
31305,0.021359223300970873
31100,0.0
30733,0.017732401934443847
30750,0.017732401934443847
31293,0.010810810810810811
31995,0.0
30258,0.02328548644338118
30953,0.027294117647058823
31303,0.021359223300970873
31422,0.021359223300970873
31877,0.021359223300970873
31706,0.02328548644338118
31876,0.021359223300970873
30741,0.0
30082,0.027294117647058823
30977,0.017732401934443847
30563,0.021359223300970873
30935,0.0
31932,0.015022860875244938
31454,0.027294117647058823
31016,0.0
31388,0.027294117647058823
31389,0.010810810810810811
31648,0.0
31177,0.0625
31324,0.0
31366,0.0
31553,0.02328548644338118
31794,0.027294117647058823
30776,0.021359223300970873
30972,0.00980392156862745
31164,0.021359223300970873
30086,0.017732401934443847
31858,0.027294117647058823
30151,0.0
30829,0.0625
31884,0.010810810810810811
31975,0.017732401934443847
30568,0.013953488372093023
30839,0.021359223300970873
31116,0.0625
31923,0.021359223300970873
31529,0.00980392156862745
30785,0.0
31824,0.02328548644338118
31231,0.0
30677,0.027294117647058823
30698,0.021359223300970873
30588,0.0
30842,0.013953488372093023
30604,0.0053475935828877
30628,0.015022860875244938
31281,0.0
31328,0.033707865168539325
31832,0.021359223300970873
31498,0.017732401934443847
30382,0.02328548644338118
31709,0.015022860875244938
30883,0.015022860875244938
30638,0.0053475935828877
30930,0.0
31728,0.00980392156862745
31082,0.0
31122,0.027294117647058823
31222,0.02328548644338118
30333,0.017732401934443847
31732,0.013953488372093023
30378,0.027294117647058823
31623,0.017732401934443847
31378,0.015022860875244938
30705,0.017732401934443847
30029,0.02328548644338118
31526,0.02328548644338118
30449,0.02328548644338118
31954,0.015022860875244938
31993,0.027294117647058823
30293,0.0
31076,0.02328548644338118
31779,0.0
30059,0.0053475935828877
31175,0.0053475935828877
30406,0.0
31249,0.017732401934443847
30860,0.010810810810810811
31783,0.021359223300970873
30232,0.015022860875244938
30128,0.0053475935828877
30229,0.02328548644338118
30956,0.027294117647058823
31400,0.00980392156862745
30370,0.017732401934443847
31060,0.013953488372093023
30393,0.017732401934443847
30657,0.029850746268656716
30648,0.0
31850,0.02328548644338118
30925,0.02328548644338118
31090,0.021359223300970873
30305,0.017732401934443847
31311,0.02328548644338118
31297,0.017732401934443847
31839,0.00980392156862745
31677,0.00980392156862745
31336,0.027294117647058823
30023,0.015022860875244938
30237,0.0
30585,0.017732401934443847
30124,0.015022860875244938
30571,0.027294117647058823
30003,0.017732401934443847
30865,0.027294117647058823
31181,0.021359223300970873
31568,0.0
31007,0.021359223300970873
31861,0.02328548644338118
30111,0.0
30120,0.017732401934443847
30539,0.027294117647058823
30135,0.125
30693,0.017732401934443847
30934,0.017732401934443847
31053,0.017732401934443847
30504,0.0
30658,0.021359223300970873
31339,0.02328548644338118
31449,0.013953488372093023
30038,0.017732401934443847
31546,0.027294117647058823
30343,0.00980392156862745
30442,0.017732401934443847
30388,0.02328548644338118
30101,0.02328548644338118
31820,0.027294117647058823
30637,0.017732401934443847
30311,0.021359223300970873
31514,0.0053475935828877
31152,0.021359223300970873
30792,0.021359223300970873
30040,0.017732401934443847
31904,0.05378973105134474
30763,0.0
30497,0.017732401934443847
31290,0.02328548644338118
31017,0.02328548644338118
31663,0.00980392156862745
31059,0.013953488372093023
31773,0.02328548644338118
31928,0.0
31442,0.013953488372093023
30654,0.015022860875244938
30758,0.021359223300970873
31499,0.02328548644338118
30481,0.02328548644338118
30402,0.021359223300970873
30606,0.05378973105134474
30714,0.02328548644338118
31767,0.0
31823,0.0
31527,0.0053475935828877
31812,0.021359223300970873
31627,0.027294117647058823
31811,0.015022860875244938
31271,0.017732401934443847
30069,0.02328548644338118
31704,0.0
31938,0.02328548644338118
30462,0.0
30703,0.02328548644338118
31074,0.02328548644338118
30781,0.05378973105134474
30950,0.0053475935828877
30756,0.021359223300970873
31039,0.0625
31218,0.02328548644338118
30886,0.010810810810810811
30857,0.017732401934443847
31819,0.02328548644338118
30185,0.0
30298,0.02328548644338118
30708,0.02328548644338118
31025,0.0
30862,0.02328548644338118
30348,0.017732401934443847
31548,0.027294117647058823
30773,0.0
30272,0.0
30116,0.017732401934443847
30683,0.021359223300970873
31960,0.02328548644338118
31530,0.047619047619047616
31207,0.02328548644338118
31253,0.0625
30233,0.021359223300970873
30602,0.02328548644338118
30089,0.021359223300970873
31589,0.0
31114,0.017732401934443847
30779,0.017732401934443847
30924,0.0
31752,0.017732401934443847
31174,0.021359223300970873
30530,0.027294117647058823
31697,0.015022860875244938
30076,0.029850746268656716
30921,0.017732401934443847
30167,0.021359223300970873
30909,0.02328548644338118
31744,0.0
30784,0.010810810810810811
31121,0.02328548644338118
31251,0.0
30078,0.0
30531,0.021359223300970873
31646,0.027294117647058823
30223,0.027294117647058823
30475,0.0
31955,0.0
31997,0.027294117647058823
31524,0.013953488372093023
31003,0.013953488372093023
31984,0.027294117647058823
31273,0.021359223300970873
30676,0.02328548644338118
31105,0.017732401934443847
30193,0.0
30187,0.017732401934443847
30192,0.021359223300970873
31868,0.0
30411,0.02328548644338118
31799,0.047619047619047616
31828,0.05378973105134474
31801,0.05378973105134474
31533,0.02328548644338118
31674,0.0
31780,0.0
31058,0.0
30540,0.02328548644338118
30390,0.02328548644338118
31792,0.027294117647058823
31715,0.02328548644338118
30055,0.017732401934443847
31998,0.0
30183,0.021359223300970873
30385,0.0
31334,0.0
30451,0.0
31901,0.017732401934443847
30543,0.02328548644338118
31614,0.02328548644338118
30590,0.021359223300970873
30717,0.0
30672,0.02328548644338118
31346,0.02328548644338118
31160,0.013953488372093023
30620,0.015022860875244938
31019,0.027294117647058823
30556,0.021359223300970873
30455,0.027294117647058823
31284,0.015022860875244938
30235,0.05378973105134474
31437,0.015022860875244938
31924,0.02328548644338118
31649,0.027294117647058823
31680,0.017732401934443847
31487,0.0
30665,0.02328548644338118
31800,0.0
31788,0.013953488372093023
30780,0.033707865168539325
31552,0.021359223300970873
30537,0.021359223300970873
31838,0.0
31914,0.0
31245,0.021359223300970873
30196,0.0
30440,0.021359223300970873
30271,0.02328548644338118
30121,0.02328548644338118
30342,0.013953488372093023
30174,0.02328548644338118
30145,0.013953488372093023
31775,0.027294117647058823
31453,0.017732401934443847
30230,0.013953488372093023
31712,0.0
31616,0.013953488372093023
31049,0.0
30761,0.013953488372093023
30464,0.0
30536,0.027294117647058823
30248,0.017732401934443847
31517,0.0
31014,0.010810810810810811
31489,0.027294117647058823
30987,0.027294117647058823
30991,0.010810810810810811
31950,0.0
31957,0.015022860875244938
30613,0.0
31246,0.017732401934443847
31321,0.02328548644338118
30782,0.0625
30742,0.017732401934443847
31142,0.021359223300970873
31413,0.05378973105134474
30931,0.015022860875244938
31254,0.02328548644338118
31544,0.017732401934443847
30978,0.02328548644338118
31659,0.021359223300970873
30718,0.0
31051,0.03278688524590164
30112,0.021359223300970873
30643,0.02328548644338118
30169,0.021359223300970873
30408,0.0
31390,0.027294117647058823
30236,0.015022860875244938
31342,0.017732401934443847
31875,0.021359223300970873
30270,0.015022860875244938
30753,0.017732401934443847
31073,0.02328548644338118
31509,0.013953488372093023
31037,0.017732401934443847
30581,0.0
31134,0.033707865168539325
30259,0.017732401934443847
30268,0.0
31689,0.0
31719,0.007272727272727273
31212,0.02328548644338118
30079,0.006060606060606061
31508,0.02328548644338118
31833,0.02328548644338118
31431,0.015022860875244938
30044,0.010810810810810811
30392,0.0053475935828877
31021,0.0
30243,0.007272727272727273
31428,0.015022860875244938
30498,0.007272727272727273
30338,0.0625
30444,0.010810810810810811
31113,0.0
31851,0.02328548644338118
31668,0.0
30751,0.047619047619047616
31841,0.02328548644338118
31086,0.017732401934443847
30545,0.02328548644338118
31803,0.0
31702,0.013953488372093023
30477,0.033707865168539325
31830,0.0
31518,0.05378973105134474
30410,0.0625
31908,0.02328548644338118
30177,0.013953488372093023
31723,0.0
30028,0.015022860875244938
31385,0.0
30285,0.027294117647058823
31329,0.02328548644338118
31898,0.03278688524590164
30875,0.007272727272727273
30573,0.007272727272727273
30580,0.027294117647058823
31456,0.017732401934443847
30109,0.02328548644338118
31772,0.007272727272727273
30946,0.007272727272727273
30478,0.047619047619047616
31380,0.0
30825,0.027294117647058823
30521,0.02328548644338118
30225,0.017732401934443847
31550,0.017732401934443847
30663,0.02328548644338118
31885,0.047619047619047616
30948,0.02328548644338118
31906,0.017732401934443847
30527,0.0
31977,0.015022860875244938
31645,0.015022860875244938
30452,0.007272727272727273
31258,0.007272727272727273
30152,0.02328548644338118
31319,0.027294117647058823
30495,0.0
30426,0.027294117647058823
30843,0.017732401934443847
31439,0.017732401934443847
31736,0.027294117647058823
30074,0.015022860875244938
30616,0.02328548644338118
30009,0.017732401934443847
31011,0.015022860875244938
30927,0.0
31565,0.013953488372093023
30198,0.007272727272727273
30024,0.02328548644338118
30479,0.007272727272727273
31934,0.015022860875244938
30138,0.02328548644338118
31310,0.017732401934443847
30296,0.007272727272727273
30915,0.0
30325,0.02328548644338118
30360,0.007272727272727273
31270,0.0
31103,0.02328548644338118
31009,0.013953488372093023
30427,0.02328548644338118
30788,0.027294117647058823
30488,0.0
30437,0.02328548644338118
31344,0.02328548644338118
30871,0.027294117647058823
30697,0.027294117647058823
30917,0.007272727272727273
31945,0.015022860875244938
30156,0.0053475935828877
31624,0.0
30349,0.027294117647058823
30806,0.010810810810810811
30471,0.02328548644338118
30140,0.015022860875244938
30609,0.007272727272727273
30014,0.015022860875244938
31852,0.015022860875244938
31220,0.007272727272727273
30772,0.027294117647058823
30731,0.0
30377,0.017732401934443847
31447,0.0625
31243,0.047619047619047616
31700,0.017732401934443847
31338,0.09523809523809523
31905,0.015022860875244938
31825,0.0
30499,0.027294117647058823
30975,0.0
31410,0.029850746268656716
31749,0.02328548644338118
30017,0.0
30578,0.0
30993,0.0
31729,0.0
30908,0.027294117647058823
31098,0.007272727272727273
30891,0.029850746268656716
30805,0.0
31264,0.027294117647058823
30241,0.0
31948,0.0053475935828877
31907,0.0
30313,0.0
31304,0.007272727272727273
31920,0.007272727272727273
30954,0.027294117647058823
30749,0.02328548644338118
31057,0.017732401934443847
31417,0.007272727272727273
31256,0.007272727272727273
30982,0.015022860875244938
31343,0.047619047619047616
31750,0.029850746268656716
31628,0.05378973105134474
31110,0.017732401934443847
30212,0.017732401934443847
30005,0.027294117647058823
31493,0.015022860875244938
31391,0.007272727272727273
31079,0.0
30281,0.015022860875244938
30368,0.017732401934443847
30104,0.0
31637,0.017732401934443847
30431,0.0053475935828877
31244,0.02328548644338118
31445,0.017732401934443847
31512,0.0
31194,0.007272727272727273
31617,0.02328548644338118
30318,0.02328548644338118
30584,0.017732401934443847
31967,0.0
30818,0.015022860875244938
30523,0.0
30446,0.015022860875244938
30322,0.027294117647058823
31318,0.0
31759,0.007272727272727273
31236,0.007272727272727273
31690,0.015022860875244938
30960,0.0
30336,0.007272727272727273
31525,0.007272727272727273
30428,0.0053475935828877
31708,0.0
31716,0.015022860875244938
31331,0.058823529411764705
30351,0.027294117647058823
31383,0.017732401934443847
30461,0.0
31672,0.0
31368,0.0053475935828877
31038,0.02328548644338118
31434,0.0
31143,0.02328548644338118
30949,0.007272727272727273
30532,0.0
31970,0.007272727272727273
30335,0.02328548644338118
31333,0.013953488372093023
30955,0.015022860875244938
31427,0.007272727272727273
30735,0.007272727272727273
30261,0.0
30673,0.017732401934443847
31374,0.007272727272727273
31983,0.015022860875244938
30088,0.0
31063,0.017732401934443847
31485,0.0
31257,0.02328548644338118
31599,0.0625
31631,0.017732401934443847
31894,0.027294117647058823
31182,0.5
30386,0.02328548644338118
30554,0.027294117647058823
31857,0.05378973105134474
31666,0.007272727272727273
31581,0.03278688524590164
30797,0.02328548644338118
30352,0.007272727272727273
30918,0.02328548644338118
31766,0.027294117647058823
30878,0.05378973105134474
30164,0.02328548644338118
30429,0.010810810810810811
31141,0.015022860875244938
30308,0.013953488372093023
31149,0.007272727272727273
31268,0.0
30976,0.013953488372093023
30808,0.017732401934443847
30058,0.02328548644338118
30963,0.05378973105134474
30835,0.029850746268656716
30144,0.017732401934443847
31626,0.007272727272727273
31313,0.02328548644338118
31896,0.017732401934443847
31835,0.015022860875244938
30831,0.010810810810810811
30266,0.02328548644338118
30381,0.006060606060606061
30315,0.02328548644338118
30999,0.02328548644338118
31356,0.017732401934443847
30627,0.017732401934443847
30553,0.007272727272727273
30681,0.02328548644338118
31915,0.017732401934443847
31956,0.015022860875244938
31028,0.0053475935828877
31369,0.017732401934443847
31405,0.0
30320,0.02328548644338118
31302,0.02328548644338118
31138,0.02328548644338118
30727,0.0625
30777,0.010810810810810811
30328,0.02328548644338118
30533,0.0
30549,0.015022860875244938
31724,0.02328548644338118
30149,0.0
31278,0.02328548644338118
31067,0.0
31754,0.007272727272727273
30768,0.007272727272727273
31092,0.0
31411,0.007272727272727273
31355,0.007272727272727273
30249,0.1111111111111111
31259,0.02830188679245283
31607,0.02830188679245283
30189,0.05378973105134474
30764,0.0053475935828877
31242,0.02328548644338118
31042,0.03278688524590164
31034,0.033707865168539325
31622,0.027294117647058823
30834,0.0
31495,0.02328548644338118
30914,0.02328548644338118
31681,0.0
31012,0.0
30642,0.1111111111111111
30837,0.0
30765,0.017732401934443847
30412,0.02328548644338118
31656,0.010810810810810811
30933,0.05378973105134474
30251,0.02328548644338118
31463,0.015022860875244938
31651,0.02328548644338118
30424,0.015022860875244938
31226,0.1111111111111111
30783,0.0
30920,0.0053475935828877
31404,0.1111111111111111
31981,0.015022860875244938
30651,0.017732401934443847
31959,0.02328548644338118
31095,0.010810810810810811
31961,0.02328548644338118
31778,0.0625
30239,0.017732401934443847
30633,0.0
30603,0.0
30617,0.0625
31101,0.017732401934443847
31561,0.0
30589,0.05378973105134474
31958,0.027294117647058823
30483,0.0053475935828877
30480,0.02830188679245283
30775,0.047619047619047616
31571,0.1111111111111111
31587,0.017732401934443847
30220,0.0
30081,0.0
30787,0.02328548644338118
31963,0.02328548644338118
30662,0.0
31837,0.017732401934443847
30339,0.010810810810810811
30391,0.02328548644338118
31230,0.0
30110,0.027294117647058823
30619,0.0
30031,0.0
31927,0.02328548644338118
31298,0.0
31604,0.02328548644338118
30572,0.010810810810810811
30721,0.02328548644338118
31458,0.010810810810810811
30415,0.015022860875244938
30736,0.013953488372093023
31228,0.02328548644338118
30234,0.015022860875244938
30943,0.02830188679245283
31610,0.013953488372093023
31795,0.015022860875244938
30137,0.0
30869,0.1111111111111111
31912,0.015022860875244938
30182,0.1111111111111111
30162,0.0
31094,0.0
31133,0.02328548644338118
31308,0.017732401934443847
30882,0.015022860875244938
30321,0.015022860875244938
30884,0.047619047619047616
30827,0.033707865168539325
31919,0.015022860875244938
31737,0.017732401934443847
30744,0.0
31352,0.017732401934443847
30375,0.02328548644338118
30366,0.02328548644338118
31078,0.015022860875244938
30767,0.0
31285,0.02328548644338118
31176,0.02830188679245283
31364,0.05378973105134474
31790,0.0053475935828877
31466,0.017732401934443847
31615,0.015022860875244938
30245,0.015022860875244938
31973,0.010810810810810811
31935,0.0
31234,0.05378973105134474
31694,0.017732401934443847
30434,0.02830188679245283
31131,0.02328548644338118
30858,0.02830188679245283
30472,0.027294117647058823
30012,0.013953488372093023
30414,0.02830188679245283
30770,0.06578947368421052
30607,0.0
31172,0.02830188679245283
31046,0.02830188679245283
30027,0.02328548644338118
30830,0.010810810810810811
30417,0.015022860875244938
31169,0.02328548644338118
